{
  "presets": {
    "phi30": {
      "baseWidth": 3840,
      "baseHeight": 2160,
      "labelHeightPx": 118.0,
      "labels": {
        "x": {
          "x": 2889.5515695067265,
          "y": 1959.9551569506727
        },
        "y": {
          "x": 1926.6255605381166,
          "y": 703.7556053811659
        },
        "z": {
          "x": 957.7634529147982,
          "y": 1952.303811659193
        }
      }
    },
    "phi70": {
      "baseWidth": 3840,
      "baseHeight": 2160,
      "labelHeightPx": 118.0,
      "labels": {
        "x": {
          "x": 2924.6300448430493,
          "y": 1559.293721973094
        },
        "y": {
          "x": 1931.09865470852,
          "y": 467.0683856502242
        },
        "z": {
          "x": 927.0403587443947,
          "y": 1548.9854260089685
        }
      }
    }
  }
}
